-- phpMyAdmin SQL Dump
-- version 4.7.4
-- https://www.phpmyadmin.net/
--
-- Host: 127.0.0.1
-- Generation Time: Feb 06, 2019 at 02:26 PM
-- Server version: 10.1.28-MariaDB
-- PHP Version: 7.1.10

SET SQL_MODE = "NO_AUTO_VALUE_ON_ZERO";
SET AUTOCOMMIT = 0;
START TRANSACTION;
SET time_zone = "+00:00";


/*!40101 SET @OLD_CHARACTER_SET_CLIENT=@@CHARACTER_SET_CLIENT */;
/*!40101 SET @OLD_CHARACTER_SET_RESULTS=@@CHARACTER_SET_RESULTS */;
/*!40101 SET @OLD_COLLATION_CONNECTION=@@COLLATION_CONNECTION */;
/*!40101 SET NAMES utf8mb4 */;

--
-- Database: `tokosouvenir`
--

-- --------------------------------------------------------

--
-- Table structure for table `barang`
--

CREATE TABLE `barang` (
  `kode_barang` int(11) NOT NULL,
  `nama_barang` varchar(50) DEFAULT NULL,
  `kode_kategori` int(11) DEFAULT NULL,
  `merk` varchar(50) NOT NULL,
  `harga` int(11) DEFAULT NULL,
  `stok` int(11) DEFAULT NULL
) ENGINE=InnoDB DEFAULT CHARSET=latin1;

--
-- Dumping data for table `barang`
--

INSERT INTO `barang` (`kode_barang`, `nama_barang`, `kode_kategori`, `merk`, `harga`, `stok`) VALUES
(1, 'Kalung Rumbai', 1, 'jjjj', 50000, 999),
(2, 'Kalung Kayu', 1, '', 75000, 999),
(3, 'Kalung Lingkaran', 1, '', 100000, 1000),
(4, 'Papan Kayu Bentuk', 2, '', 50000, 1000),
(5, 'Papan Kayu Lingkaran', 2, '', 75000, 1500),
(6, 'Papan Kayu Persegi', 2, '', 100000, 1000),
(7, 'Keranjang Tangan', 3, '', 50000, 1000),
(8, 'Keranjang Lingkarang', 3, '', 75000, 1500);

-- --------------------------------------------------------

--
-- Table structure for table `detail_transaksi`
--

CREATE TABLE `detail_transaksi` (
  `kode_detail_transaksi` int(11) NOT NULL,
  `kode_transaksi` int(11) NOT NULL,
  `kode_barang` int(11) NOT NULL,
  `jumlah` int(11) NOT NULL
) ENGINE=InnoDB DEFAULT CHARSET=latin1;

--
-- Dumping data for table `detail_transaksi`
--

INSERT INTO `detail_transaksi` (`kode_detail_transaksi`, `kode_transaksi`, `kode_barang`, `jumlah`) VALUES
(10, 57, 1, 3),
(11, 58, 1, 5),
(12, 59, 1, 1),
(13, 59, 2, 1);

-- --------------------------------------------------------

--
-- Table structure for table `kategori`
--

CREATE TABLE `kategori` (
  `kode_kategori` int(11) NOT NULL,
  `nama_kategori` varchar(100) DEFAULT NULL
) ENGINE=InnoDB DEFAULT CHARSET=latin1;

--
-- Dumping data for table `kategori`
--

INSERT INTO `kategori` (`kode_kategori`, `nama_kategori`) VALUES
(1, 'Kalungg'),
(2, 'Papan Kayu'),
(3, 'Keranjang');

-- --------------------------------------------------------

--
-- Table structure for table `transaksi`
--

CREATE TABLE `transaksi` (
  `kode_transaksi` int(11) NOT NULL,
  `kode_user` int(11) DEFAULT NULL,
  `nama_pembeli` varchar(50) DEFAULT NULL,
  `total` int(11) DEFAULT NULL,
  `tanggal_beli` date DEFAULT NULL
) ENGINE=InnoDB DEFAULT CHARSET=latin1;

--
-- Dumping data for table `transaksi`
--

INSERT INTO `transaksi` (`kode_transaksi`, `kode_user`, `nama_pembeli`, `total`, `tanggal_beli`) VALUES
(14, 1, 'Icha', 145000, '2018-05-09'),
(39, 4, 'patricia', 1500000, '2019-02-04'),
(40, 4, 'patricia', 1500000, '2019-02-04'),
(41, 4, 'patricia', 1500000, '2019-02-04'),
(56, 4, 'lyra', 500000, '2019-02-04'),
(57, 4, 'samid', 150000, '2019-02-05'),
(58, 4, 'jojo', 250000, '2019-02-05'),
(59, 4, 'firda', 125000, '2019-02-06');

-- --------------------------------------------------------

--
-- Table structure for table `user`
--

CREATE TABLE `user` (
  `kode_user` int(11) NOT NULL,
  `nama_user` varchar(100) DEFAULT NULL,
  `username` varchar(100) DEFAULT NULL,
  `password` varchar(100) DEFAULT NULL,
  `level` varchar(100) DEFAULT NULL
) ENGINE=InnoDB DEFAULT CHARSET=latin1;

--
-- Dumping data for table `user`
--

INSERT INTO `user` (`kode_user`, `nama_user`, `username`, `password`, `level`) VALUES
(1, 'Patricia', 'admin1', 'admin1', 'admin'),
(4, 'bagus', 'kasir1', 'kasir1', 'kasir'),
(5, 'doni', 'kasir2', 'kasir2', 'kasir'),
(6, 'cipaca', 'cipaca', 'cipaca', 'kasir'),
(9, 'Patricia123', 'patricia', 'patricia', 'kasir');

--
-- Indexes for dumped tables
--

--
-- Indexes for table `barang`
--
ALTER TABLE `barang`
  ADD PRIMARY KEY (`kode_barang`),
  ADD KEY `kode_kategori` (`kode_kategori`);

--
-- Indexes for table `detail_transaksi`
--
ALTER TABLE `detail_transaksi`
  ADD PRIMARY KEY (`kode_detail_transaksi`),
  ADD KEY `kode_transaksi` (`kode_transaksi`),
  ADD KEY `kode_buku` (`kode_barang`);

--
-- Indexes for table `kategori`
--
ALTER TABLE `kategori`
  ADD PRIMARY KEY (`kode_kategori`);

--
-- Indexes for table `transaksi`
--
ALTER TABLE `transaksi`
  ADD PRIMARY KEY (`kode_transaksi`),
  ADD KEY `kode_user` (`kode_user`);

--
-- Indexes for table `user`
--
ALTER TABLE `user`
  ADD PRIMARY KEY (`kode_user`);

--
-- AUTO_INCREMENT for dumped tables
--

--
-- AUTO_INCREMENT for table `barang`
--
ALTER TABLE `barang`
  MODIFY `kode_barang` int(11) NOT NULL AUTO_INCREMENT, AUTO_INCREMENT=9;

--
-- AUTO_INCREMENT for table `detail_transaksi`
--
ALTER TABLE `detail_transaksi`
  MODIFY `kode_detail_transaksi` int(11) NOT NULL AUTO_INCREMENT, AUTO_INCREMENT=14;

--
-- AUTO_INCREMENT for table `kategori`
--
ALTER TABLE `kategori`
  MODIFY `kode_kategori` int(11) NOT NULL AUTO_INCREMENT, AUTO_INCREMENT=4;

--
-- AUTO_INCREMENT for table `transaksi`
--
ALTER TABLE `transaksi`
  MODIFY `kode_transaksi` int(11) NOT NULL AUTO_INCREMENT, AUTO_INCREMENT=60;

--
-- AUTO_INCREMENT for table `user`
--
ALTER TABLE `user`
  MODIFY `kode_user` int(11) NOT NULL AUTO_INCREMENT, AUTO_INCREMENT=10;

--
-- Constraints for dumped tables
--

--
-- Constraints for table `barang`
--
ALTER TABLE `barang`
  ADD CONSTRAINT `barang_ibfk_1` FOREIGN KEY (`kode_kategori`) REFERENCES `kategori` (`kode_kategori`) ON DELETE CASCADE ON UPDATE NO ACTION;

--
-- Constraints for table `detail_transaksi`
--
ALTER TABLE `detail_transaksi`
  ADD CONSTRAINT `detail_transaksi_ibfk_1` FOREIGN KEY (`kode_transaksi`) REFERENCES `transaksi` (`kode_transaksi`) ON DELETE CASCADE ON UPDATE NO ACTION,
  ADD CONSTRAINT `detail_transaksi_ibfk_2` FOREIGN KEY (`kode_barang`) REFERENCES `barang` (`kode_barang`) ON DELETE CASCADE ON UPDATE NO ACTION;

--
-- Constraints for table `transaksi`
--
ALTER TABLE `transaksi`
  ADD CONSTRAINT `transaksi_ibfk_1` FOREIGN KEY (`kode_user`) REFERENCES `user` (`kode_user`) ON DELETE CASCADE ON UPDATE NO ACTION;
COMMIT;

/*!40101 SET CHARACTER_SET_CLIENT=@OLD_CHARACTER_SET_CLIENT */;
/*!40101 SET CHARACTER_SET_RESULTS=@OLD_CHARACTER_SET_RESULTS */;
/*!40101 SET COLLATION_CONNECTION=@OLD_COLLATION_CONNECTION */;
